tweet_text,username,tweet_link,video_url,timestamp,likes,reposts,keyword,context,category
Just saw an incredible demo of AI generated videos -- the future is here!,TechVlogger,https://x.com/DeepMindFan/status/284932364153081906,https://video.twimg.com/ext_tw_video/9889685402/pu/vid/1280x720/demo_0.mp4,2026-05-02 13:05:25,14381,3066,AI generated videos,Ai Generated Videos,ai
Thread: Why AI generated videos will change everything in the next 5 years.,GameDevML,https://x.com/AutoDriveEng/status/761771944527673700,https://video.twimg.com/ext_tw_video/2970801151/pu/vid/1280x720/demo_1.mp4,2026-05-09 15:05:25,15355,1374,AI generated videos,Ai Generated Videos,ai
Our team just published results on AI generated videos. Link in bio!,DLPaperReview,https://x.com/NeuralNetNinja/status/126604281987406627,https://video.twimg.com/ext_tw_video/6257423606/pu/vid/1280x720/demo_2.mp4,2026-05-06 14:05:25,5984,4998,AI generated videos,Ai Generated Videos,ai
Hot take: AI generated videos is overhyped... but the tech underneath is legit.,EmbeddedSysGuy,https://x.com/SiliconValleyAI/status/812440660973461272,https://video.twimg.com/ext_tw_video/5082952340/pu/vid/1280x720/demo_3.mp4,2026-04-30 19:05:25,9607,6166,AI generated videos,Ai Generated Videos,ai
Breaking: major breakthrough in AI generated videos announced today at the conference.,AutoDriveEng,https://x.com/MLEngineer_Pro/status/725938486662255280,https://video.twimg.com/ext_tw_video/1223066517/pu/vid/1280x720/demo_4.mp4,2026-05-20 21:05:25,1643,6695,AI generated videos,Ai Generated Videos,ai
I've been working on AI generated videos for 3 years and this is the best demo yet.,AIResearchLab,https://x.com/DeepMindFan/status/574838458935102973,https://video.twimg.com/ext_tw_video/3783321629/pu/vid/1280x720/demo_5.mp4,2026-04-27 11:05:25,21991,864,AI generated videos,Ai Generated Videos,ai
New open-source toolkit for AI generated videos just dropped -- check it out!,ChipDesigner01,https://x.com/SemiconWatch/status/725788335068907476,https://video.twimg.com/ext_tw_video/4387219517/pu/vid/1280x720/demo_6.mp4,2026-04-29 17:05:25,18028,2388,AI generated videos,Ai Generated Videos,ai
Really impressed by the latest advances in AI generated videos. Here's my analysis:,QuantumDev,https://x.com/OpenSourceDev/status/290485723674161615,https://video.twimg.com/ext_tw_video/8651020760/pu/vid/1280x720/demo_7.mp4,2026-05-03 19:05:25,22534,4964,AI generated videos,Ai Generated Videos,ai
Unpopular opinion: AI generated videos needs more regulation before mass adoption.,NeuralNetNinja,https://x.com/NeuralNetNinja/status/142343741542444370,https://video.twimg.com/ext_tw_video/9991006414/pu/vid/1280x720/demo_8.mp4,2026-05-11 08:05:25,7092,5049,AI generated videos,Ai Generated Videos,ai
Live from the expo: AI generated videos demo blew everyone's mind!,RoboticsToday,https://x.com/SemiconWatch/status/768763068423431863,https://video.twimg.com/ext_tw_video/6163371891/pu/vid/1280x720/demo_9.mp4,2026-05-08 02:05:25,11962,5797,AI generated videos,Ai Generated Videos,ai
My students asked about AI generated videos today -- here's what I told them.,AutoDriveEng,https://x.com/RoboStartup/status/362594860665731710,https://video.twimg.com/ext_tw_video/9545548444/pu/vid/1280x720/demo_10.mp4,2026-04-23 10:05:25,4723,2814,AI generated videos,Ai Generated Videos,ai
Comparing the top 5 tools for AI generated videos -- full review coming soon!,QuantumDev,https://x.com/DLPaperReview/status/879018440110559472,https://video.twimg.com/ext_tw_video/3947178187/pu/vid/1280x720/demo_11.mp4,2026-05-01 21:05:25,6225,3151,AI generated videos,Ai Generated Videos,ai
"If you're not paying attention to AI generated videos, you're falling behind.",TechVlogger,https://x.com/VisionAI_Lab/status/303807919268745210,https://video.twimg.com/ext_tw_video/7289298696/pu/vid/1280x720/demo_12.mp4,2026-05-10 13:05:25,4953,3461,AI generated videos,Ai Generated Videos,ai
Amazing progress in AI generated videos! Benchmarks are up 40% from last year.,AutoMLRunner,https://x.com/TechInnovator42/status/701370325254677933,https://video.twimg.com/ext_tw_video/8238244337/pu/vid/1280x720/demo_13.mp4,2026-05-15 15:05:25,17384,6953,AI generated videos,Ai Generated Videos,ai
The intersection of AI generated videos and sustainability is underexplored.,NeuralNetNinja,https://x.com/FutureOfTech/status/370035340409999906,https://video.twimg.com/ext_tw_video/4681328315/pu/vid/1280x720/demo_14.mp4,2026-04-29 09:05:25,20077,3023,AI generated videos,Ai Generated Videos,ai
Watching AI generated videos evolve in real-time is a privilege. What a time to be alive!,OpenSourceDev,https://x.com/TechVlogger/status/466196453006889794,https://video.twimg.com/ext_tw_video/9636452801/pu/vid/1280x720/demo_15.mp4,2026-05-06 05:05:25,3448,6740,AI generated videos,Ai Generated Videos,ai
Quick tutorial: getting started with AI generated videos in 10 minutes.,AIResearchLab,https://x.com/NeuralNetNinja/status/341152606374939165,https://video.twimg.com/ext_tw_video/6118128577/pu/vid/1280x720/demo_16.mp4,2026-05-16 02:05:25,20329,518,AI generated videos,Ai Generated Videos,ai
Industry report: AI generated videos market projected to reach $50B by 2030.,SportsAI_Hub,https://x.com/RoboticsToday/status/149270748453749189,https://video.twimg.com/ext_tw_video/6578674069/pu/vid/1280x720/demo_17.mp4,2026-04-21 14:05:25,13354,5478,AI generated videos,Ai Generated Videos,ai
Debate: Is AI generated videos ready for production use? My thoughts below.,AIResearchLab,https://x.com/FutureOfTech/status/648033661876239311,https://video.twimg.com/ext_tw_video/7648431913/pu/vid/1280x720/demo_18.mp4,2026-05-20 13:05:25,15085,7658,AI generated videos,Ai Generated Videos,ai
Shout-out to the open-source community pushing AI generated videos forward!,OpenSourceDev,https://x.com/RoboticsToday/status/248540579531087009,https://video.twimg.com/ext_tw_video/7591456337/pu/vid/1280x720/demo_19.mp4,2026-05-12 15:05:25,8317,1747,AI generated videos,Ai Generated Videos,ai
Just saw an incredible demo of Robotics demos -- the future is here!,OpenSourceDev,https://x.com/FutureOfTech/status/136459655133659887,https://video.twimg.com/ext_tw_video/1200937433/pu/vid/1280x720/demo_0.mp4,2026-04-23 18:05:55,4989,3063,Robotics demos,Robotics Demos,robotics
Thread: Why Robotics demos will change everything in the next 5 years.,TechInnovator42,https://x.com/SemiconWatch/status/777489665500932284,https://video.twimg.com/ext_tw_video/9236968338/pu/vid/1280x720/demo_1.mp4,2026-05-13 12:05:55,18553,6664,Robotics demos,Robotics Demos,robotics
Our team just published results on Robotics demos. Link in bio!,AutoMLRunner,https://x.com/NeuralNetNinja/status/773871547816872486,https://video.twimg.com/ext_tw_video/3935605826/pu/vid/1280x720/demo_2.mp4,2026-05-09 12:05:55,8964,3856,Robotics demos,Robotics Demos,robotics
Hot take: Robotics demos is overhyped... but the tech underneath is legit.,GameDevML,https://x.com/AutoMLRunner/status/410582079580866998,https://video.twimg.com/ext_tw_video/7724170646/pu/vid/1280x720/demo_3.mp4,2026-05-07 17:05:55,3819,5067,Robotics demos,Robotics Demos,robotics
Breaking: major breakthrough in Robotics demos announced today at the conference.,QuantumDev,https://x.com/AutoMLRunner/status/696601962543222951,https://video.twimg.com/ext_tw_video/3631563619/pu/vid/1280x720/demo_4.mp4,2026-04-30 07:05:55,647,746,Robotics demos,Robotics Demos,robotics
I've been working on Robotics demos for 3 years and this is the best demo yet.,DLPaperReview,https://x.com/OpenSourceDev/status/926252337895736839,https://video.twimg.com/ext_tw_video/4396212610/pu/vid/1280x720/demo_5.mp4,2026-05-12 19:05:55,2041,1128,Robotics demos,Robotics Demos,robotics
New open-source toolkit for Robotics demos just dropped -- check it out!,RoboticsToday,https://x.com/DLPaperReview/status/885589888072584079,https://video.twimg.com/ext_tw_video/2049072400/pu/vid/1280x720/demo_6.mp4,2026-04-29 02:05:55,24742,60,Robotics demos,Robotics Demos,robotics
Really impressed by the latest advances in Robotics demos. Here's my analysis:,CricketAnalytics,https://x.com/NeuralNetNinja/status/163601499026016333,https://video.twimg.com/ext_tw_video/6166536364/pu/vid/1280x720/demo_7.mp4,2026-04-25 11:05:55,2479,1224,Robotics demos,Robotics Demos,robotics
Unpopular opinion: Robotics demos needs more regulation before mass adoption.,AIResearchLab,https://x.com/DataScienceGuru/status/996180205324365198,https://video.twimg.com/ext_tw_video/4775001428/pu/vid/1280x720/demo_8.mp4,2026-05-09 11:05:55,748,4467,Robotics demos,Robotics Demos,robotics
Live from the expo: Robotics demos demo blew everyone's mind!,QuantumDev,https://x.com/AIResearchLab/status/727898631238686173,https://video.twimg.com/ext_tw_video/6497797456/pu/vid/1280x720/demo_9.mp4,2026-04-25 21:05:55,21457,2618,Robotics demos,Robotics Demos,robotics
My students asked about Robotics demos today -- here's what I told them.,MLEngineer_Pro,https://x.com/SemiconWatch/status/890939701373735585,https://video.twimg.com/ext_tw_video/4519362335/pu/vid/1280x720/demo_10.mp4,2026-05-12 20:05:55,22777,4429,Robotics demos,Robotics Demos,robotics
Comparing the top 5 tools for Robotics demos -- full review coming soon!,DataScienceGuru,https://x.com/VisionAI_Lab/status/446974289953114292,https://video.twimg.com/ext_tw_video/5704402307/pu/vid/1280x720/demo_11.mp4,2026-04-22 12:05:55,8866,1017,Robotics demos,Robotics Demos,robotics
"If you're not paying attention to Robotics demos, you're falling behind.",DLPaperReview,https://x.com/RoboticsToday/status/827951091282674993,https://video.twimg.com/ext_tw_video/5636968647/pu/vid/1280x720/demo_12.mp4,2026-05-08 01:05:55,14004,2556,Robotics demos,Robotics Demos,robotics
Amazing progress in Robotics demos! Benchmarks are up 40% from last year.,AIResearchLab,https://x.com/EmbeddedSysGuy/status/686931116380645173,https://video.twimg.com/ext_tw_video/6518330412/pu/vid/1280x720/demo_13.mp4,2026-05-20 00:05:55,4544,3969,Robotics demos,Robotics Demos,robotics
The intersection of Robotics demos and sustainability is underexplored.,VisionAI_Lab,https://x.com/SemiconWatch/status/159210609410783795,https://video.twimg.com/ext_tw_video/9824410972/pu/vid/1280x720/demo_14.mp4,2026-05-09 13:05:55,7604,4997,Robotics demos,Robotics Demos,ai
Watching Robotics demos evolve in real-time is a privilege. What a time to be alive!,EmbeddedSysGuy,https://x.com/AutoDriveEng/status/480429380508068424,https://video.twimg.com/ext_tw_video/3161929703/pu/vid/1280x720/demo_15.mp4,2026-05-15 04:05:55,3652,6616,Robotics demos,Robotics Demos,robotics
Quick tutorial: getting started with Robotics demos in 10 minutes.,TechInnovator42,https://x.com/SemiconWatch/status/275724968402634711,https://video.twimg.com/ext_tw_video/6535464199/pu/vid/1280x720/demo_16.mp4,2026-04-23 12:05:55,6612,6159,Robotics demos,Robotics Demos,robotics
Industry report: Robotics demos market projected to reach $50B by 2030.,TechInnovator42,https://x.com/DataScienceGuru/status/718493268159614477,https://video.twimg.com/ext_tw_video/6499804332/pu/vid/1280x720/demo_17.mp4,2026-05-15 20:05:55,9517,759,Robotics demos,Robotics Demos,robotics
Debate: Is Robotics demos ready for production use? My thoughts below.,SemiconWatch,https://x.com/ChipDesigner01/status/699970915388666786,https://video.twimg.com/ext_tw_video/7762734488/pu/vid/1280x720/demo_18.mp4,2026-05-19 00:05:55,13362,2899,Robotics demos,Robotics Demos,robotics
Shout-out to the open-source community pushing Robotics demos forward!,GameDevML,https://x.com/CricketAnalytics/status/286145562409351229,https://video.twimg.com/ext_tw_video/3544838556/pu/vid/1280x720/demo_19.mp4,2026-05-21 19:05:55,12570,7838,Robotics demos,Robotics Demos,robotics
Just saw an incredible demo of Self-driving cars -- the future is here!,RoboticsToday,https://x.com/VisionAI_Lab/status/862981101664179694,https://video.twimg.com/ext_tw_video/9048557139/pu/vid/1280x720/demo_0.mp4,2026-05-20 11:06:24,17871,5643,Self-driving cars,Self-Driving Cars,semiconductor
Thread: Why Self-driving cars will change everything in the next 5 years.,DeepMindFan,https://x.com/AutoDriveEng/status/985371132472764496,https://video.twimg.com/ext_tw_video/6534050417/pu/vid/1280x720/demo_1.mp4,2026-05-21 04:06:24,7763,1706,Self-driving cars,Self-Driving Cars,semiconductor
Our team just published results on Self-driving cars. Link in bio!,QuantumDev,https://x.com/ChipDesigner01/status/825374448677224392,https://video.twimg.com/ext_tw_video/4206294700/pu/vid/1280x720/demo_2.mp4,2026-04-26 23:06:24,7160,7070,Self-driving cars,Self-Driving Cars,semiconductor
Hot take: Self-driving cars is overhyped... but the tech underneath is legit.,CodeCraftsman,https://x.com/MLEngineer_Pro/status/555550876383320758,https://video.twimg.com/ext_tw_video/7394618178/pu/vid/1280x720/demo_3.mp4,2026-05-11 12:06:24,11519,5159,Self-driving cars,Self-Driving Cars,semiconductor
Breaking: major breakthrough in Self-driving cars announced today at the conference.,SiliconValleyAI,https://x.com/NeuralNetNinja/status/270705360438019552,https://video.twimg.com/ext_tw_video/5314920347/pu/vid/1280x720/demo_4.mp4,2026-04-25 07:06:24,699,3664,Self-driving cars,Self-Driving Cars,semiconductor
I've been working on Self-driving cars for 3 years and this is the best demo yet.,FutureOfTech,https://x.com/DLPaperReview/status/244996520293362116,https://video.twimg.com/ext_tw_video/8256796403/pu/vid/1280x720/demo_5.mp4,2026-05-01 01:06:24,1196,1063,Self-driving cars,Self-Driving Cars,semiconductor
New open-source toolkit for Self-driving cars just dropped -- check it out!,CodeCraftsman,https://x.com/ChipDesigner01/status/741227923644833339,https://video.twimg.com/ext_tw_video/5671685642/pu/vid/1280x720/demo_6.mp4,2026-04-29 17:06:24,19216,3099,Self-driving cars,Self-Driving Cars,semiconductor
Really impressed by the latest advances in Self-driving cars. Here's my analysis:,QuantumDev,https://x.com/SiliconValleyAI/status/631449694382548507,https://video.twimg.com/ext_tw_video/5952338069/pu/vid/1280x720/demo_7.mp4,2026-04-24 10:06:24,13454,5997,Self-driving cars,Self-Driving Cars,semiconductor
Unpopular opinion: Self-driving cars needs more regulation before mass adoption.,RoboStartup,https://x.com/MLEngineer_Pro/status/998456781143788107,https://video.twimg.com/ext_tw_video/8578643158/pu/vid/1280x720/demo_8.mp4,2026-05-21 10:06:24,18396,350,Self-driving cars,Self-Driving Cars,semiconductor
Live from the expo: Self-driving cars demo blew everyone's mind!,SemiconWatch,https://x.com/RoboticsToday/status/288464454868561330,https://video.twimg.com/ext_tw_video/5189626133/pu/vid/1280x720/demo_9.mp4,2026-05-11 00:06:24,8860,5757,Self-driving cars,Self-Driving Cars,semiconductor
My students asked about Self-driving cars today -- here's what I told them.,RoboStartup,https://x.com/VisionAI_Lab/status/560859715624613945,https://video.twimg.com/ext_tw_video/3057522498/pu/vid/1280x720/demo_10.mp4,2026-05-09 22:06:24,19450,5047,Self-driving cars,Self-Driving Cars,semiconductor
Comparing the top 5 tools for Self-driving cars -- full review coming soon!,DataScienceGuru,https://x.com/GameDevML/status/731834838852007344,https://video.twimg.com/ext_tw_video/6475516244/pu/vid/1280x720/demo_11.mp4,2026-05-05 04:06:24,1246,5370,Self-driving cars,Self-Driving Cars,semiconductor
"If you're not paying attention to Self-driving cars, you're falling behind.",QuantumDev,https://x.com/RoboticsToday/status/876623369168462908,https://video.twimg.com/ext_tw_video/7872544218/pu/vid/1280x720/demo_12.mp4,2026-05-06 07:06:24,11797,1443,Self-driving cars,Self-Driving Cars,semiconductor
Amazing progress in Self-driving cars! Benchmarks are up 40% from last year.,DLPaperReview,https://x.com/MLEngineer_Pro/status/957429496526897785,https://video.twimg.com/ext_tw_video/8938532903/pu/vid/1280x720/demo_13.mp4,2026-04-20 22:06:24,19194,1292,Self-driving cars,Self-Driving Cars,semiconductor
The intersection of Self-driving cars and sustainability is underexplored.,DataScienceGuru,https://x.com/CodeCraftsman/status/566814854221704429,https://video.twimg.com/ext_tw_video/9216980304/pu/vid/1280x720/demo_14.mp4,2026-05-11 20:06:24,16359,7660,Self-driving cars,Self-Driving Cars,ai
Watching Self-driving cars evolve in real-time is a privilege. What a time to be alive!,DataScienceGuru,https://x.com/TechVlogger/status/227751294945628118,https://video.twimg.com/ext_tw_video/3824848217/pu/vid/1280x720/demo_15.mp4,2026-04-26 17:06:24,1854,862,Self-driving cars,Self-Driving Cars,semiconductor
Quick tutorial: getting started with Self-driving cars in 10 minutes.,FutureOfTech,https://x.com/VisionAI_Lab/status/139617299777391584,https://video.twimg.com/ext_tw_video/8496860811/pu/vid/1280x720/demo_16.mp4,2026-05-05 13:06:24,848,6128,Self-driving cars,Self-Driving Cars,semiconductor
Industry report: Self-driving cars market projected to reach $50B by 2030.,SemiconWatch,https://x.com/AutoDriveEng/status/857357923721415008,https://video.twimg.com/ext_tw_video/7879107533/pu/vid/1280x720/demo_17.mp4,2026-05-15 19:06:24,3952,4259,Self-driving cars,Self-Driving Cars,semiconductor
Debate: Is Self-driving cars ready for production use? My thoughts below.,OpenSourceDev,https://x.com/NeuralNetNinja/status/984466171233454978,https://video.twimg.com/ext_tw_video/3889911590/pu/vid/1280x720/demo_18.mp4,2026-05-07 08:06:24,2165,4970,Self-driving cars,Self-Driving Cars,semiconductor
Shout-out to the open-source community pushing Self-driving cars forward!,AutoDriveEng,https://x.com/SiliconValleyAI/status/676784984878552544,https://video.twimg.com/ext_tw_video/7266629416/pu/vid/1280x720/demo_19.mp4,2026-05-20 06:06:24,22925,6836,Self-driving cars,Self-Driving Cars,semiconductor
Just saw an incredible demo of Sports highlights -- the future is here!,DLPaperReview,https://x.com/DeepMindFan/status/432417326024320246,https://video.twimg.com/ext_tw_video/5797877556/pu/vid/1280x720/demo_0.mp4,2026-05-08 00:06:54,2662,2259,Sports highlights,Sports Highlights,sports
Thread: Why Sports highlights will change everything in the next 5 years.,TechVlogger,https://x.com/AutoMLRunner/status/494965359924481293,https://video.twimg.com/ext_tw_video/7061944519/pu/vid/1280x720/demo_1.mp4,2026-04-24 08:06:54,22534,3659,Sports highlights,Sports Highlights,sports
Our team just published results on Sports highlights. Link in bio!,CricketAnalytics,https://x.com/FutureOfTech/status/241434909282898385,https://video.twimg.com/ext_tw_video/2944979836/pu/vid/1280x720/demo_2.mp4,2026-04-26 10:06:54,11003,7203,Sports highlights,Sports Highlights,sports
Hot take: Sports highlights is overhyped... but the tech underneath is legit.,CodeCraftsman,https://x.com/RoboStartup/status/460371973351659325,https://video.twimg.com/ext_tw_video/1561695501/pu/vid/1280x720/demo_3.mp4,2026-04-21 10:06:54,19308,2529,Sports highlights,Sports Highlights,sports
Breaking: major breakthrough in Sports highlights announced today at the conference.,SportsAI_Hub,https://x.com/SportsAI_Hub/status/824333167404531741,https://video.twimg.com/ext_tw_video/7345600086/pu/vid/1280x720/demo_4.mp4,2026-04-27 10:06:54,24914,153,Sports highlights,Sports Highlights,sports
I've been working on Sports highlights for 3 years and this is the best demo yet.,QuantumDev,https://x.com/SportsAI_Hub/status/952471068818877367,https://video.twimg.com/ext_tw_video/9598937327/pu/vid/1280x720/demo_5.mp4,2026-05-06 03:06:54,18685,1554,Sports highlights,Sports Highlights,sports
New open-source toolkit for Sports highlights just dropped -- check it out!,AutoMLRunner,https://x.com/FutureOfTech/status/406495867956424912,https://video.twimg.com/ext_tw_video/2015494796/pu/vid/1280x720/demo_6.mp4,2026-05-02 06:06:54,15820,7581,Sports highlights,Sports Highlights,sports
Really impressed by the latest advances in Sports highlights. Here's my analysis:,MLEngineer_Pro,https://x.com/AutoMLRunner/status/573458935163434311,https://video.twimg.com/ext_tw_video/1751191953/pu/vid/1280x720/demo_7.mp4,2026-05-06 20:06:54,9587,6343,Sports highlights,Sports Highlights,sports
Unpopular opinion: Sports highlights needs more regulation before mass adoption.,EmbeddedSysGuy,https://x.com/AIResearchLab/status/967564781974650045,https://video.twimg.com/ext_tw_video/5709342658/pu/vid/1280x720/demo_8.mp4,2026-04-24 03:06:54,12778,7001,Sports highlights,Sports Highlights,sports
Live from the expo: Sports highlights demo blew everyone's mind!,TechVlogger,https://x.com/TechInnovator42/status/178043070462449975,https://video.twimg.com/ext_tw_video/3420413340/pu/vid/1280x720/demo_9.mp4,2026-04-24 14:06:54,5772,5509,Sports highlights,Sports Highlights,sports
My students asked about Sports highlights today -- here's what I told them.,NeuralNetNinja,https://x.com/VisionAI_Lab/status/598922541577954547,https://video.twimg.com/ext_tw_video/9397161589/pu/vid/1280x720/demo_10.mp4,2026-05-12 06:06:54,16096,2462,Sports highlights,Sports Highlights,sports
Comparing the top 5 tools for Sports highlights -- full review coming soon!,DataScienceGuru,https://x.com/MLEngineer_Pro/status/571305043914809057,https://video.twimg.com/ext_tw_video/4436595429/pu/vid/1280x720/demo_11.mp4,2026-05-01 12:06:54,21731,6962,Sports highlights,Sports Highlights,sports
"If you're not paying attention to Sports highlights, you're falling behind.",DataScienceGuru,https://x.com/FutureOfTech/status/181884815826686095,https://video.twimg.com/ext_tw_video/2047654077/pu/vid/1280x720/demo_12.mp4,2026-04-30 06:06:54,5335,3490,Sports highlights,Sports Highlights,sports
Amazing progress in Sports highlights! Benchmarks are up 40% from last year.,RoboStartup,https://x.com/SportsAI_Hub/status/422139931158774959,https://video.twimg.com/ext_tw_video/7113170449/pu/vid/1280x720/demo_13.mp4,2026-05-08 09:06:54,15504,5150,Sports highlights,Sports Highlights,sports
The intersection of Sports highlights and sustainability is underexplored.,FutureOfTech,https://x.com/SportsAI_Hub/status/462508685080564325,https://video.twimg.com/ext_tw_video/4679796146/pu/vid/1280x720/demo_14.mp4,2026-04-27 18:06:54,24643,5786,Sports highlights,Sports Highlights,ai
Watching Sports highlights evolve in real-time is a privilege. What a time to be alive!,AutoDriveEng,https://x.com/VisionAI_Lab/status/801158978788859599,https://video.twimg.com/ext_tw_video/1156930677/pu/vid/1280x720/demo_15.mp4,2026-05-12 13:06:54,7218,1755,Sports highlights,Sports Highlights,sports
Quick tutorial: getting started with Sports highlights in 10 minutes.,AIResearchLab,https://x.com/QuantumDev/status/349815282013158824,https://video.twimg.com/ext_tw_video/1055392188/pu/vid/1280x720/demo_16.mp4,2026-05-17 09:06:54,19655,977,Sports highlights,Sports Highlights,sports
Industry report: Sports highlights market projected to reach $50B by 2030.,EmbeddedSysGuy,https://x.com/TechInnovator42/status/433290153037288748,https://video.twimg.com/ext_tw_video/4867646834/pu/vid/1280x720/demo_17.mp4,2026-05-19 08:06:54,5644,971,Sports highlights,Sports Highlights,sports
Debate: Is Sports highlights ready for production use? My thoughts below.,AutoDriveEng,https://x.com/DLPaperReview/status/301761324288078023,https://video.twimg.com/ext_tw_video/3436634766/pu/vid/1280x720/demo_18.mp4,2026-05-16 03:06:54,23004,6477,Sports highlights,Sports Highlights,sports
Shout-out to the open-source community pushing Sports highlights forward!,RoboticsToday,https://x.com/SiliconValleyAI/status/484076417394129632,https://video.twimg.com/ext_tw_video/1942085930/pu/vid/1280x720/demo_19.mp4,2026-04-22 06:06:54,3125,736,Sports highlights,Sports Highlights,sports
Just saw an incredible demo of Semiconductor technology -- the future is here!,VisionAI_Lab,https://x.com/NeuralNetNinja/status/724575703887493457,https://video.twimg.com/ext_tw_video/3169504397/pu/vid/1280x720/demo_0.mp4,2026-04-26 01:07:23,19626,726,Semiconductor technology,Semiconductor Technology,semiconductor
Thread: Why Semiconductor technology will change everything in the next 5 years.,SemiconWatch,https://x.com/RoboStartup/status/665689208359805398,https://video.twimg.com/ext_tw_video/1925408387/pu/vid/1280x720/demo_1.mp4,2026-04-20 23:07:23,20842,6326,Semiconductor technology,Semiconductor Technology,semiconductor
Our team just published results on Semiconductor technology. Link in bio!,GameDevML,https://x.com/CodeCraftsman/status/996378962404442788,https://video.twimg.com/ext_tw_video/7663414040/pu/vid/1280x720/demo_2.mp4,2026-04-23 09:07:23,7645,1644,Semiconductor technology,Semiconductor Technology,semiconductor
Hot take: Semiconductor technology is overhyped... but the tech underneath is legit.,AutoDriveEng,https://x.com/CricketAnalytics/status/470037777557356410,https://video.twimg.com/ext_tw_video/9762909182/pu/vid/1280x720/demo_3.mp4,2026-04-27 15:07:23,11936,7917,Semiconductor technology,Semiconductor Technology,semiconductor
Breaking: major breakthrough in Semiconductor technology announced today at the conference.,MLEngineer_Pro,https://x.com/DeepMindFan/status/955670524436625408,https://video.twimg.com/ext_tw_video/9645923256/pu/vid/1280x720/demo_4.mp4,2026-05-12 23:07:23,7768,1649,Semiconductor technology,Semiconductor Technology,semiconductor
I've been working on Semiconductor technology for 3 years and this is the best demo yet.,MLEngineer_Pro,https://x.com/SiliconValleyAI/status/909912465553327231,https://video.twimg.com/ext_tw_video/3320519220/pu/vid/1280x720/demo_5.mp4,2026-05-15 01:07:23,14792,5354,Semiconductor technology,Semiconductor Technology,semiconductor
New open-source toolkit for Semiconductor technology just dropped -- check it out!,OpenSourceDev,https://x.com/AutoDriveEng/status/395644725222764767,https://video.twimg.com/ext_tw_video/9387456002/pu/vid/1280x720/demo_6.mp4,2026-05-18 03:07:23,11162,7075,Semiconductor technology,Semiconductor Technology,semiconductor
Really impressed by the latest advances in Semiconductor technology. Here's my analysis:,DLPaperReview,https://x.com/GameDevML/status/466003530544976992,https://video.twimg.com/ext_tw_video/4870413618/pu/vid/1280x720/demo_7.mp4,2026-04-23 22:07:23,21019,7485,Semiconductor technology,Semiconductor Technology,semiconductor
Unpopular opinion: Semiconductor technology needs more regulation before mass adoption.,DeepMindFan,https://x.com/CodeCraftsman/status/230330774878028084,https://video.twimg.com/ext_tw_video/8348823842/pu/vid/1280x720/demo_8.mp4,2026-04-29 06:07:23,6497,6836,Semiconductor technology,Semiconductor Technology,semiconductor
Live from the expo: Semiconductor technology demo blew everyone's mind!,RoboticsToday,https://x.com/MLEngineer_Pro/status/358933846584538766,https://video.twimg.com/ext_tw_video/9135227328/pu/vid/1280x720/demo_9.mp4,2026-04-23 21:07:23,12234,2904,Semiconductor technology,Semiconductor Technology,semiconductor
My students asked about Semiconductor technology today -- here's what I told them.,VisionAI_Lab,https://x.com/SiliconValleyAI/status/865394032457883662,https://video.twimg.com/ext_tw_video/9196968475/pu/vid/1280x720/demo_10.mp4,2026-05-10 13:07:23,17742,7696,Semiconductor technology,Semiconductor Technology,semiconductor
Comparing the top 5 tools for Semiconductor technology -- full review coming soon!,VisionAI_Lab,https://x.com/DLPaperReview/status/485726357110921125,https://video.twimg.com/ext_tw_video/7131221504/pu/vid/1280x720/demo_11.mp4,2026-05-20 07:07:23,17828,6328,Semiconductor technology,Semiconductor Technology,semiconductor
"If you're not paying attention to Semiconductor technology, you're falling behind.",OpenSourceDev,https://x.com/RoboticsToday/status/672589546257946561,https://video.twimg.com/ext_tw_video/7282427929/pu/vid/1280x720/demo_12.mp4,2026-05-14 13:07:23,19386,5854,Semiconductor technology,Semiconductor Technology,semiconductor
Amazing progress in Semiconductor technology! Benchmarks are up 40% from last year.,ChipDesigner01,https://x.com/QuantumDev/status/706347753093065562,https://video.twimg.com/ext_tw_video/5033072287/pu/vid/1280x720/demo_13.mp4,2026-05-18 03:07:23,1188,6817,Semiconductor technology,Semiconductor Technology,semiconductor
The intersection of Semiconductor technology and sustainability is underexplored.,EmbeddedSysGuy,https://x.com/ChipDesigner01/status/481137783972177556,https://video.twimg.com/ext_tw_video/5180190922/pu/vid/1280x720/demo_14.mp4,2026-05-08 11:07:23,11287,7208,Semiconductor technology,Semiconductor Technology,ai
Watching Semiconductor technology evolve in real-time is a privilege. What a time to be alive!,CodeCraftsman,https://x.com/RoboStartup/status/422345857004579025,https://video.twimg.com/ext_tw_video/1614961252/pu/vid/1280x720/demo_15.mp4,2026-05-12 07:07:23,6155,3846,Semiconductor technology,Semiconductor Technology,semiconductor
Quick tutorial: getting started with Semiconductor technology in 10 minutes.,DataScienceGuru,https://x.com/SportsAI_Hub/status/130348961378565382,https://video.twimg.com/ext_tw_video/8446579761/pu/vid/1280x720/demo_16.mp4,2026-05-04 23:07:23,4817,1060,Semiconductor technology,Semiconductor Technology,semiconductor
Industry report: Semiconductor technology market projected to reach $50B by 2030.,FutureOfTech,https://x.com/VisionAI_Lab/status/135345656048192097,https://video.twimg.com/ext_tw_video/9799871896/pu/vid/1280x720/demo_17.mp4,2026-05-18 07:07:23,22305,2500,Semiconductor technology,Semiconductor Technology,semiconductor
Debate: Is Semiconductor technology ready for production use? My thoughts below.,TechVlogger,https://x.com/CodeCraftsman/status/764082540267534096,https://video.twimg.com/ext_tw_video/5895221207/pu/vid/1280x720/demo_18.mp4,2026-04-27 20:07:23,10038,6451,Semiconductor technology,Semiconductor Technology,semiconductor
Shout-out to the open-source community pushing Semiconductor technology forward!,AIResearchLab,https://x.com/VisionAI_Lab/status/257661421130099246,https://video.twimg.com/ext_tw_video/5392347905/pu/vid/1280x720/demo_19.mp4,2026-05-12 07:07:23,743,3622,Semiconductor technology,Semiconductor Technology,semiconductor
